{
    "best_params": {
        "max_depth": 3,
        "min_samples_leaf": 1,
        "min_samples_split": 2
    },
    "metrics": {
        "RMSE": 0.46676590581673,
        "MAE": 0.6788486447256475
    }
}