{
    "best_params": {},
    "metrics": {
        "RMSE": 0.9992035841397506,
        "MAE": 0.9418366515982373
    }
}