{
    "best_params": {
        "colsample_bytree": 0.9,
        "learning_rate": 0.1,
        "max_depth": 10,
        "n_estimators": 500,
        "subsample": 0.9
    },
    "metrics": {
        "RMSE": 0.0879568990115974,
        "MAE": 0.1616937911823973
    }
}